"1987-01","1987-02","1987-03","1987-04","1987-05","1987-06","1987-07","1987-08","1987-09","1987-10","1987-11","1987-12","1988-01","1988-02","1988-03","1988-04","1988-05","1988-06","1988-07","1988-08","1988-09","1988-10","1988-11","1988-12","1989-01","1989-02","1989-03","1989-04","1989-05","1989-06","1989-07","1989-08","1989-09","1989-10","1989-11","1989-12","1990-01","1990-02","1990-03","1990-04","1990-05","1990-06","1990-07","1990-08","1990-09","1990-10","1990-11","1990-12","1991-01","1991-02","1991-03","1991-04","1991-05","1991-06","1991-07","1991-08","1991-09","1991-10","1991-11","1991-12","1992-01","1992-02","1992-03","1992-04","1992-05","1992-06","1992-07","1992-08","1992-09","1992-10","1992-11","1992-12","1993-01","1993-02","1993-03","1993-04","1993-05","1993-06","1993-07","1993-08","1993-09","1993-10","1993-11","1993-12","1994-01","1994-02","1994-03","1994-04","1994-05","1994-06","1994-07","1994-08","1994-09","1994-10","1994-11","1994-12","1995-01","1995-02","1995-03","1995-04","1995-05","1995-06","1995-07","1995-08","1995-09","1995-10","1995-11","1995-12","1996-01","1996-02","1996-03","1996-04","1996-05","1996-06","1996-07","1996-08","1996-09","1996-10","1996-11","1996-12","1997-01","1997-02","1997-03","1997-04","1997-05","1997-06","1997-07","1997-08","1997-09","1997-10","1997-11","1997-12","1998-01","1998-02","1998-03","1998-04","1998-05","1998-06","1998-07","1998-08","1998-09","1998-10","1998-11","1998-12","1999-01","1999-02","1999-03","1999-04","1999-05","1999-06","1999-07","1999-08","1999-09","1999-10","1999-11","1999-12","2000-01","2000-02","2000-03","2000-04","2000-05","2000-06","2000-07","2000-08","2000-09","2000-10","2000-11","2000-12","2001-01","2001-02","2001-03","2001-04","2001-05","2001-06","2001-07","2001-08","2001-09","2001-10","2001-11","2001-12","2002-01","2002-02","2002-03","2002-04","2002-05","2002-06","2002-07","2002-08","2002-09","2002-10","2002-11","2002-12","2003-01","2003-02","2003-03","2003-04","2003-05","2003-06","2003-07","2003-08","2003-09","2003-10","2003-11","2003-12","2004-01","2004-02","2004-03","2004-04","2004-05","2004-06","2004-07","2004-08","2004-09","2004-10","2004-11","2004-12","2005-01","2005-02","2005-03","2005-04","2005-05","2005-06","2005-07","2005-08","2005-09","2005-10","2005-11","2005-12","2006-01","2006-02","2006-03","2006-04","2006-05","2006-06","2006-07","2006-08","2006-09","2006-10","2006-11","2006-12","2007-01","2007-02","2007-03","2007-04","2007-05","2007-06","2007-07","2007-08","2007-09","2007-10","2007-11","2007-12","2008-01","2008-02","2008-03","2008-04","2008-05","2008-06","2008-07","2008-08","2008-09","2008-10","2008-11","2008-12","2009-01","2009-02","2009-03","2009-04","2009-05","2009-06","2009-07","2009-08","2009-09","2009-10","2009-11","2009-12","2010-01","2010-02","2010-03","2010-04","2010-05","2010-06","2010-07","2010-08","2010-09","2010-10","2010-11","2010-12","2011-01","2011-02","2011-03","2011-04","2011-05","2011-06","2011-07","2011-08","2011-09","2011-10","2011-11","2011-12","2012-01","2012-02","2012-03","2012-04","2012-05","2012-06","2012-07","2012-08","2012-09","2012-10","2012-11","2012-12","2013-01","2013-02","2013-03","2013-04","2013-05","2013-06","2013-07","2013-08","2013-09","2013-10","2013-11","2013-12","2014-01","2014-02","2014-03","2014-04","2014-05","2014-06"
NA,NA,NA,NA,NA,NA,NA,NA,NA,NA,NA,NA,NA,NA,NA,NA,NA,NA,NA,NA,NA,NA,NA,NA,67.54,67.43,67.71,67.65,67.9,67.66,67.56,67.28,67.14,66.68,66.52,66.41,66.56,66.51,66.44,66.48,66.44,66.56,66.61,66.58,66.25,65.93,65.41,65.36,65.26,65.29,64.6,64.35,64.37,64.88,65.5,65.87,66.04,65.84,66.1,65.95,66.01,65.88,65.93,65.83,66.02,66.08,66.26,66.46,66.54,66.55,66.52,66.59,66.83,66.83,67.21,67.3,67.75,67.95,68.44,68.72,69.28,69.41,69.81,70.03,70.53,70.82,71.28,71.73,72.14,72.47,73,73.53,74.06,74.26,74.46,74.79,75.11,75.37,75.52,75.8,76.16,76.82,77.26,77.71,77.87,78.15,78.39,78.74,79.1,79.47,79.93,80.39,80.73,81.1,81.45,81.87,82.1,82.21,82.3,82.34,82.59,82.9,83.39,83.88,84.26,84.52,84.56,84.84,85.26,85.81,86.17,86.41,86.64,87.09,87.52,88.06,88.6,89.41,90.05,90.54,90.86,91.15,91.59,92.04,92.41,92.91,93.81,94.63,95.14,95.77,96.33,97.23,97.91,98.56,99.03,99.49,100,100.43,101.42,102.13,102.98,103.89,104.35,104.92,105.34,105.67,105.93,105.88,105.93,106.27,107.05,107.85,108.65,109.19,109.85,110.36,110.75,111.2,111.31,111.57,111.61,112.05,112.63,113.34,114.05,114.83,115.41,115.9,116.14,116.42,116.59,116.7,117.1,117.72,118.75,119.37,120,120.79,121.79,122.89,123.82,124.75,125.53,126.33,126.61,127.28,128.5,130.1,131.95,134,136.42,138.66,141.64,145.07,148.59,152.38,155.49,160,165.96,173.08,180.16,188.96,197.15,204.94,211.45,215.95,219.12,220.75,221.81,222.65,223.53,225.12,226.51,227.42,227.38,227.01,225.2,224.5,223.13,221.5,220.2,218.07,216.86,215.04,213.94,212.52,210.78,208.86,205.28,200.72,194.45,187.67,180.06,172.72,166.97,161.33,157.32,153.19,149.09,144.83,139.79,135.18,130.54,123.93,117.13,111.95,106.92,104.45,103.56,104.73,106.66,108.41,109.26,110.71,111.96,112.48,111.76,110.11,109.52,110.06,111,110.98,110.3,108.84,107.16,105.97,104.85,103.1,101.54,100.81,100.27,100.36,100.4,100.69,100.54,100.43,100.22,100.54,101.12,101.91,102.84,104.12,106.38,109.01,111.92,114.68,117.22,119.28,120.65,122.39,124.16,125.33,126.69,128.1,130.29,132.47,134.97,137.36,139.36,141.47,143.14,144.49,144.86,144.48,144.18,144.1,144.71,145.4,146.05,146.9
59.33,59.65,59.99,60.81,61.67,62.71,63.66,64.56,65.38,66.2,66.94,67.91,68.66,69.36,70.14,70.83,72.03,74.35,77.22,79.27,81.23,82.94,84.69,85.97,87.3,88.28,90.34,92.11,93.98,95.55,96.71,97.51,97.99,98.55,99.29,99.88,100.23,100.15,100.02,99.99,99.79,100.24,100.05,99.99,99.26,98.66,97.36,96.54,95.28,94.12,92.83,92.83,93.37,94.25,94.85,95.21,94.92,94.51,93.67,93.01,92.45,91.97,90.97,90.58,90.4,90.41,90.06,89.86,89.11,87.95,86.8,85.6,84.88,84.09,82.76,82.05,81.67,81.69,81.11,80.33,79.77,78.92,78.36,77.3,77,76.86,76.47,76.44,76.39,76.72,76.95,77.25,77.13,77.07,76.59,76.07,75.91,75.36,74.99,74.78,74.92,74.88,75.06,75.11,74.87,74.6,74.13,73.6,73.39,73.1,73.07,73.35,73.88,74.52,74.71,74.9,74.69,74.7,74.5,74.15,73.91,73.54,73.98,74.82,75.72,76.62,77.2,78.07,78.29,78.77,78.97,79.5,80.28,81.14,82.73,83.96,85.4,86.97,88.62,89.98,90.95,91.38,91.38,91.3,91.22,91.46,92.37,93.95,95.27,96.62,97.49,98.3,98.63,98.99,99.34,99.79,100,100.62,102.13,103.7,104.99,106.36,107.23,108.18,108.94,109.56,110.12,110.12,110.88,111.32,112.98,114.12,115.31,116.47,117.36,118.67,119.51,120.16,120.48,120.65,121.45,122.26,124.12,126.23,128.73,131.59,133.97,136.59,138.62,140.76,142.07,143.26,144.27,145.3,147.23,149.65,152.27,154.98,158.34,161.89,165.29,168.4,171.11,173.98,177.01,180.49,186.55,193.22,199.58,206.38,211.08,213.49,215.08,215.74,216.58,217.34,219.41,222.29,226.75,231.59,236.68,241.7,246.37,251.1,255.85,260.16,262.56,264.77,265.92,267.75,268.23,270.44,272.12,273.22,273.85,273.8,273.94,273.66,273.05,270.03,268.68,266.63,264.58,263.37,263.19,262.12,260.84,258.07,254.79,249.5,240.43,233.03,224.41,214.83,207.11,202.45,198.54,195.7,192.55,189.18,184.54,179.82,175.85,171.4,166.55,163.17,160.89,159.37,159.18,160.9,163.97,166.62,168.03,168.43,169.72,171.38,172.97,171.81,170.61,171.78,174.67,175.66,176.27,175.55,175.36,174.05,173.28,170.99,169.88,168.23,167.75,168.18,169.07,169.66,170.05,169.38,168,165.51,163.93,162.11,160.76,159.53,159.72,162.16,165.76,168.57,170.79,173.01,174.79,175.85,176.58,178.59,180.23,182.04,186.3,192.56,197.54,202.08,206.33,210.49,212.83,214.65,214.79,214.84,214.23,215.25,217.73,219.63,221.94,223.33
54.67,54.89,55.16,55.85,56.35,56.86,57.26,57.69,58.14,58.53,59.02,59.4,59.86,60.12,60.87,61.19,61.68,61.54,64.81,65.64,66.45,67.47,68.62,69.84,70.96,72.27,73.92,75.45,76.83,78.31,79.36,80.56,81.58,82.44,83,83.55,83.77,84.08,84.43,85.09,85.53,86.01,86.02,85.86,85.76,85.32,84.98,83.93,83.13,81.87,80.89,80.73,81.41,82.2,82.59,82.47,82.2,82.02,81.76,81.14,80.48,79.87,79.98,80.18,80.4,80.27,80.1,79.8,79.58,78.48,78.18,77.19,77.25,76.32,75.94,75.46,75.57,75.4,75.02,74.71,74.79,74.53,74.51,73.74,73.84,73.47,73.39,73.62,74.32,74.81,75.1,74.75,74.23,73.99,73.6,73.02,72.58,72.53,72.41,72.59,72.62,72.48,72.63,72.72,72.71,72.33,71.79,71.36,71.36,71.39,71.22,71.56,72.05,72.23,72.26,72.02,72.23,72.07,72.2,71.74,71.95,72.04,72.45,73.04,73.56,74.49,74.99,75.73,75.95,76.47,76.77,77.57,78.23,79.03,80.45,81.88,83.13,84.57,85.81,87.05,87.82,88.09,88.28,88.33,89.18,90.05,91.32,92.27,93.11,94.65,95.71,96.88,97.77,98.55,99.19,99.47,100,101.07,103.26,105.42,107.15,109.64,111.21,112.84,113.66,114.22,115.49,116.32,117.54,118.46,121.19,122.93,124.3,125.28,126.34,127.19,128.19,129.14,129.71,129.31,128.79,129.82,131.76,135.04,138.14,141.41,144.15,147.25,149.54,151.87,153.58,154.43,155.4,156.17,157.75,160.23,162.55,165.26,167.98,171.27,175.03,178.7,181.79,184.11,186.33,189.89,196.4,203.64,210.94,218.18,224.22,227.67,230.64,232.28,232.63,233.08,233.78,235.64,236.56,239.58,242,245.35,247.33,248.45,249.03,249.79,250.34,248.55,247.46,247.89,248.09,249.35,249.14,249.6,249.05,247.3,246.6,244.03,242.11,238.08,237.15,235.53,233.27,232.66,231.78,231.36,229.66,226.73,222.82,217.02,209.6,202.45,197.45,190.34,185.42,180.56,178.03,175.37,172.2,168.23,164.12,159.12,155.47,152.16,148.26,146.83,144.58,144.43,145.06,147.31,150.99,153.34,154.76,155.37,156.06,156.29,156.95,157.92,160.22,161.39,163.11,163.82,165.02,163.99,162.43,159.99,160.08,158.97,157.03,155.05,153.88,154.5,154.78,155.06,155.22,154.91,153.72,152.86,151.45,150.42,148.74,149.07,149.68,151.75,153.06,154.76,156.48,157.84,160.09,162.1,163.61,164.31,163.28,164.25,167.84,174.08,179.56,184.57,188.33,191.78,193.51,194.07,194.15,193.87,194.94,196.97,199.32,200.72,201.94,203.32
46.61,46.87,47.32,47.69,48.31,48.83,49.49,49.94,50.69,51.33,51.8,52.03,52.24,52.64,53.19,54.19,56.09,58.22,58.7,59,59.5,60.37,61.31,62.2,62.66,63.32,64.64,66.27,67.77,69.26,70.27,71.36,72.31,72.95,73.25,73.02,72.87,72.95,73.5,74.57,75.12,75.15,74.81,74.45,74.24,73.44,72.58,71.47,71.17,70.27,69.56,69.46,70.13,70.83,71.39,71.52,71.55,71.21,70.69,70.05,69.67,69.48,69.17,69.26,69.86,70.02,70,69.64,69.51,69.28,68.85,68.21,67.77,67.44,67.09,67.59,67.9,67.99,67.65,67.63,67.5,67.18,66.77,66.27,65.98,65.79,66.37,67.05,67.7,68.15,68.38,68.4,68.21,68.17,68.04,67.93,67.73,67.4,66.79,67.08,67.31,67.5,67.72,67.78,67.76,67.3,66.8,66.43,66.15,65.97,65.92,66.44,67.05,67.67,68.02,68.35,68.43,68.53,68.72,68.69,68.8,68.81,69.78,71.09,72.19,73.12,73.75,74.43,74.76,75.22,75.31,75.81,76.19,76.53,77.48,79.08,80.82,82.41,83.52,84.41,85.06,85.05,84.66,84.5,85.03,85.93,87.51,89.21,90.82,92.52,94.2,95.14,96.15,96.72,97.87,98.9,100,102.7,106.56,110.97,115.01,118.45,119.48,119.95,120.94,123.08,125.66,128.58,131.16,133.27,134.1,134.38,134.09,132.64,130.95,129.15,128.6,128.01,126.99,125.47,125.13,126.06,128.79,132.62,136.07,139.35,141.02,141.93,142.29,142.74,143.06,142.4,141.9,142.19,143,144.69,145.53,146.53,147.75,148.72,150.25,151.75,153.36,154.62,155.93,158.11,160.9,164.65,167.76,171.51,173.85,175.89,178.15,180.75,183.15,185.72,189.35,193.5,198.3,201.86,205.52,208.92,211.56,212.86,214.73,215.55,215.7,215.11,214.78,215.5,216.04,217.52,218.37,218.12,217.63,217.22,216.37,215.42,213.84,212.13,211.78,210.78,211.09,211.47,210.89,209.48,208.64,208.15,206.46,202.03,195.49,189.23,183.81,174.54,168.38,164.63,162.7,159.83,156.88,151.42,145.53,139.44,135.28,130.12,124.4,120.35,117.71,118.46,120.16,124.7,128.86,132.47,134.16,135.81,136.63,136.4,135.63,134.67,136.74,139.77,142.16,142.55,143.23,142.83,141.54,138.84,137.28,136.02,133.37,129.96,129.83,132.02,134.42,134.9,135.28,135.2,133.22,132.34,129.78,128.72,125.47,124.64,125.94,130.23,135.28,139.01,141.71,142.37,143.15,144.15,146.23,147.24,147.45,148.23,153.96,161.46,168.41,173.01,176.87,178.53,179.91,179.55,180.19,180.55,181.52,181.91,186.67,191.17,194.65,195.32
50.2,49.96,50.15,50.55,50.63,50.5,50.28,50.38,50.18,50.38,49.89,49.86,49.35,49.27,48.85,48.58,48.22,48.27,48.33,48.52,48.37,48.27,47.86,47.36,47.23,47.21,47.33,47.33,47.49,47.73,47.64,47.78,47.8,48.12,48.18,48.06,47.98,48.08,48.29,48.4,48.4,48.75,48.84,48.99,48.98,48.86,48.78,48.53,48.67,48.68,48.85,49.2,49.51,50.09,50.55,50.86,50.9,50.99,51.03,51.08,51.25,51.94,52.83,53.48,53.79,54.18,54.4,54.77,54.97,54.96,55.21,55.35,55.83,56.05,56.68,57.05,57.59,58.42,59.1,59.93,60.42,60.99,61.38,62.01,62.49,63.04,63.61,64.44,65.09,65.86,66.3,66.71,66.81,67.03,67.16,67.4,67.59,67.82,68.22,68.6,69.2,69.63,70.18,70.58,71.02,71.26,71.38,71.5,71.34,71.43,71.9,72.72,73.36,73.58,73.91,73.97,74.26,74.51,74.81,75.07,74.96,75.15,75.69,76.36,76.95,77.6,78.22,78.76,78.88,79.14,79.45,79.91,80.17,80.33,80.69,81.48,82.4,83.37,84.2,85.05,85.79,86.46,86.96,87.25,87.93,88.67,90.22,91.31,92.51,93.75,94.92,96.14,97.62,98.54,99.06,99.42,100,100.73,101.99,103.07,105.26,107.32,108.93,110,111.35,112.33,113.35,114.24,114.75,115.79,116.33,117.95,119.2,120.45,121.12,121.78,122.41,122.36,121.93,121.32,121.3,121.21,122.05,122.7,123.95,124.75,125.46,125.55,125.66,125.69,125.84,125.41,124.81,124.33,124.87,125.17,125.67,125.61,126.07,126.72,126.94,127.05,127.08,126.98,127.2,127.21,127.73,128.34,129.12,130.45,131.1,131.83,131.87,132.18,132.16,132.4,132.34,132.63,132.73,133.85,134.82,135.71,136.47,137.19,137.6,137.69,137.53,137.5,137.42,137.12,136.93,137.28,138.31,139.46,140.26,140.28,139.65,138.62,137.65,137.11,135.86,134.86,134.2,134.86,136.32,138.09,139.24,139.72,138.44,136.09,133.36,130.98,128.95,127.46,127.4,128.49,129.73,131.66,132.67,132.63,130.95,129.04,127.66,125.74,122.33,120.21,120.37,122.15,123.78,126.92,128.79,130.07,129.44,128.9,128.29,127.2,125.59,124.54,125.31,127.5,128.24,129.2,128.72,128.57,127.33,126.58,125.02,124.1,122.73,121.26,120.56,122.32,123.94,125.97,125.98,126.48,125.57,125.38,124.79,123.62,122.92,121.81,123.66,125.81,128.48,131.06,132.79,133.48,134.01,134.03,134.5,134.14,134.17,133.9,135.79,138.28,140.98,143.37,145.63,146.95,147.3,146.74,146.44,146.26,146.21,146.13,148.19,150.58,152.59,154.39
64.11,64.77,65.71,66.4,67.27,68.7,69.79,70.62,71.79,72.57,73.18,73.42,74.07,74.88,76.04,77.02,78.19,79.56,81.25,82.35,83.59,83.94,84.68,85.74,86.5,87.34,88.14,88.99,89.62,90.48,91.26,91.84,92.35,92.45,92.45,92.64,92.99,93.18,93.02,93.22,93.01,92.95,92.81,92.35,91.81,91.48,91.08,90.74,89.38,88.8,87.59,87.56,88.61,89.28,89.57,89.13,88.82,88.62,88.75,88.29,88.25,87.75,87.97,88.43,88.97,89.24,89.08,89.03,88.74,88.79,88.75,88.63,88.73,88.75,88.73,88.51,88.48,89.04,89.4,89.51,89.18,88.86,88.57,88.65,88.63,88.45,88.57,89.02,89.78,90.48,90.77,90.73,90.52,90.33,90.18,89.76,89.27,88.96,88.62,88.66,88.91,89.06,89.16,89.35,89.32,89.11,88.68,88.44,88.2,87.83,87.8,88.39,88.83,89.19,89.33,89.41,89.29,89.21,88.94,88.45,88.26,88.17,88.47,88.44,88.88,89.4,89.68,89.97,89.93,89.98,89.75,89.71,89.5,89.33,89.42,90.05,90.78,91.76,92.29,92.76,92.79,92.88,92.98,93.21,93.47,93.41,93.89,94.98,95.81,97.09,98.15,99.15,99.58,99.53,99.39,99.73,100,100.53,101.7,103.34,104.91,106.29,107.72,109.1,110.18,110.5,110.99,111.96,112.73,113.99,115.4,117.9,119.3,120.93,122.31,123.61,124.5,124.87,124.93,125.65,125.99,127.19,128.47,130.78,133.4,135.67,138.48,140.68,142.39,143.3,143.77,144.96,145.19,146.01,146.75,148.92,151.53,154,156.47,158.7,161.01,162.65,164.14,165.79,167.79,169.51,172.3,176.62,182.19,188.02,192.08,195.39,198.24,200.79,203.31,206.06,208.63,212.24,217.86,224.09,229.87,235.38,239.5,242.06,244.11,245.44,246.7,247.37,247.7,248.39,248.86,250.17,251.07,250.99,249.92,247.94,244.78,243.73,242.28,240.45,238.85,237.98,237.14,236.17,235.41,234.02,232.17,230.21,229.25,227.56,223.85,218.35,213.2,207.95,203.39,201.32,199.27,197.6,195.44,194.14,190,184.83,180.27,175.56,171.98,168.05,165.94,167.3,169.49,173.21,176.45,179.57,180.71,180.08,179.17,178.8,177.4,176.57,175.41,179.51,182.58,185.74,187.15,187.05,186.25,184.96,183.81,182.9,181.35,179.96,177.52,178.48,180.57,182.67,185.29,185.97,186.32,182.9,181.11,178.38,176.93,174.56,176.13,180.99,185.9,189.28,191.46,192.38,191.84,190.25,188.93,188.73,187.44,186.56,189.67,194.16,198.04,200.09,202.97,204.44,205.25,204.38,203.71,204.06,203.32,203.45,205.56,207.59,209.52,210.68
68.5,68.76,69.23,69.2,69.46,69.31,69.7,70.16,70.95,71.28,71.5,71.41,71.66,71.68,72.19,72.47,72.76,73.55,74.13,75.02,75.63,75.86,76.09,76.19,76.59,76.82,77,77.32,77.19,77.68,78.05,78.56,78.58,78.62,78.51,78.74,79.2,79.48,79.3,79.24,79.33,79.78,80.03,80.11,79.94,79.67,79.75,79.41,79.08,78.55,78.44,78.55,77.95,78.49,78.64,79.56,79.27,79.31,79.29,79.09,79.1,78.51,78.6,78.98,79.42,79.78,78.05,77.95,77.61,79.54,79.7,79.99,79.94,79.92,79.64,80.13,80.77,81.36,81.78,82.14,82.49,82.82,82.68,82.89,83.46,84.25,84.74,84.85,84.89,85.31,85.63,86.11,86.3,86.47,86.69,87.01,87.02,86.64,86.3,86.47,86.67,86.98,86.96,87.39,87.37,87.64,87.55,87.69,87.52,87.43,86.73,87.1,87.34,87.61,87.84,87.97,88.13,88.11,88.24,88.16,88.14,87.94,87.93,88.33,88.58,88.81,88.83,89,89.31,89.71,90.03,90.5,90.8,90.88,90.75,91.03,91.43,92.12,92.67,92.98,93.2,93.25,93.49,93.75,94.01,94.21,94.75,95.67,96.21,96.18,96.79,97.32,98.01,98.05,98.68,99.52,100,100.21,100.74,101.83,102.81,103.49,103.67,104.37,105.23,106.25,107.56,108.89,110.28,110.76,111.94,113.32,114.84,115.97,117.08,118.3,119.67,121.32,122.89,124.02,124.52,125.06,126.35,127.84,129.83,131.59,133.39,134.91,136.76,138.62,140.09,141.98,143.78,145.46,147.09,148.36,149.75,150.67,152.65,155.07,157.28,159.59,161.11,162.93,164.82,166.65,170,172.61,176.4,179.64,183.12,186.78,190.68,194.29,197.64,201.37,205.42,209.67,215.44,221.42,227.1,233.42,238.98,245.24,251.21,256.99,261,264.83,268.25,271.68,274.02,276.37,278.68,278.22,278.33,276.8,277.23,278.91,280.3,280.87,279.42,279.43,276.89,273.53,269.52,264.89,260.39,255.29,249.61,244.35,237.99,231.71,225.4,218.74,208.88,200.42,193.19,189.87,186.84,183.48,178.72,173.42,169.62,165.01,158.97,154.23,148.75,145.78,144.59,145.38,147.27,148.91,149.69,149.09,149.08,148.66,148.32,147.52,146.15,145.04,146.33,146.92,147.88,147.47,145.64,144.03,143.81,143.11,141.3,138.44,137.28,136.99,138.6,139.46,141.15,140.75,139.83,138.2,137.47,137.74,138.64,139.53,140.76,141.33,143.35,145.62,148.7,150.12,150.24,149.97,151.13,152.37,153.51,153.97,155.89,159.65,163.74,167.1,169.07,170.41,171.7,173.63,176.02,177.57,178.85,178.57,181.07,183.05,185.23,186.39
77.33,77.93,77.76,77.56,77.85,78.71,79.11,79.14,79.24,79.09,79.05,79.15,79.36,79.21,79.26,79.44,79.88,80.25,80.74,80.95,80.78,80.84,80.61,80.74,80.41,80.73,81.57,81.8,82.34,82.06,82.13,81.5,81.77,82,82.29,82.05,82.26,82.42,83.03,82.64,82.76,82.57,82.84,82.67,82.17,81.73,81.57,81.71,81.75,81.76,81.43,81.46,81.33,81.77,81.85,82.1,81.65,81.52,81.69,81.75,81.49,80.4,80.27,80.63,81.05,81.22,80.69,80.57,80.54,81.5,81.87,81.53,81.32,81.17,81.93,82.38,82.56,82.35,82.29,82.81,83.62,83.92,83.62,82.85,82.75,83.12,83.76,83.76,83.91,84.01,84.72,85.25,85.4,85.1,85.01,85.25,85.78,85.53,85.5,85.51,85.74,86.43,86.67,87.12,87.24,87.38,87.41,87.13,87.04,87.08,87.58,87.75,87.79,87.9,87.89,88.2,88.1,88.46,88.37,88.76,88.52,88.37,87.59,88.17,88.57,88.87,89.13,89.54,89.71,89.71,89.75,90.2,90.68,90.81,90.91,91.21,91.47,91.97,92.72,93,93.47,93.45,93.8,93.96,94,94.19,94.28,95.19,96.02,96.66,97.46,97.79,98.22,98.8,98.94,99.92,100,100.51,100.75,102.02,103.26,104.35,105.45,105.79,106.14,106.65,108.18,110.09,110.82,111.41,111.61,113.14,113.62,115.32,116.57,118.27,118.38,119.05,119.59,120.21,120.33,120.4,122.07,123.35,124.76,125.7,127.18,128.18,128.9,129.48,130.43,132.18,133.22,134.29,134.56,136.16,137.85,138.7,139.61,140.14,142.36,143.73,145.27,145.61,147.9,149.04,151.56,152.53,154.96,157.77,160.22,163.09,165.89,168.7,171.33,174.06,177.04,180.06,183.74,187.22,191.36,196.6,201.65,207.21,213.19,219.16,223.85,226.75,228.98,230.91,233.57,235.85,237.92,237.68,238.09,236.82,236.42,234.02,232.86,230.91,228.86,228.46,226.58,224.13,221.96,219.28,217.14,212.92,210.14,206.38,203.45,200.13,194.64,188.59,182.26,178.5,177.14,175.11,175.07,174.3,171.24,165.44,160.86,156.02,149.26,145.33,141.48,140.41,140.35,140.9,142.84,143.43,142.57,140.27,139.66,138.85,138.18,136.54,136.46,137.09,138.29,138.58,138.24,137.53,136.5,134.92,133.49,130.65,129.03,127.62,126.7,126.43,127.06,128.52,129.48,129.49,127.35,126.66,125.28,125.08,124.14,123.91,125.12,127.65,130.34,132.95,134.31,134.9,134.71,134.05,133.74,134.02,135.55,136.33,139.78,142.1,144.61,147.83,151.17,153.93,154.24,154.4,154.7,155.23,155.79,154.63,154.75,156.52,159.33,161.25
NA,NA,NA,NA,NA,NA,NA,NA,NA,NA,NA,NA,NA,NA,NA,NA,NA,NA,NA,NA,NA,NA,NA,NA,NA,NA,NA,NA,NA,NA,NA,NA,NA,NA,NA,NA,NA,NA,NA,NA,NA,NA,NA,NA,NA,NA,NA,NA,69.61,69.17,69.05,69.4,69.69,70.14,70.12,70.48,70.35,70.29,70.09,69.9,70.05,69.88,69.96,69.91,70.28,70.59,71.29,71.51,71.59,71.17,71.33,71.33,71.5,71.26,71.49,71.94,72.53,72.92,73.33,73.61,73.87,73.91,73.97,74.27,74.72,75.08,75.21,75.26,75.71,76.15,76.6,76.88,76.95,77.25,77.56,77.95,78.16,78.26,78.32,78.4,78.55,78.76,79.14,79.57,79.9,80.1,80.18,80.38,80.7,80.97,81.1,81.49,81.85,82.26,82.3,82.61,82.93,83.14,83.36,83.33,83.54,83.54,83.78,84.37,85.03,85.38,85.61,85.75,86.26,86.52,86.95,87.09,87.4,87.6,88.2,89.03,89.86,90.49,90.76,90.99,91.28,91.95,92.55,92.95,93.29,93.64,94.34,94.98,95.91,96.66,97.32,97.62,98.01,98.59,99.12,99.76,100,100.8,101.18,102.5,103.38,104.58,104.81,105.09,105.08,105.56,106.04,106.35,106.63,106.9,107.24,108.08,108.74,109.77,110.24,110.71,111.09,111.24,111.17,111.01,111.18,111.67,112.02,112.39,113.01,113.75,114.31,114.68,114.76,114.86,114.91,114.91,115.12,115.23,115.84,116.06,116.88,117.35,117.79,118.17,118.53,118.4,118.45,118.31,118.67,118.65,119.06,120.1,120.88,121.49,122.23,122.86,123.37,123.27,123.27,123.53,123.84,124.21,124.7,125.92,127.12,128.53,129.03,129.51,129.49,129.63,129.83,130.21,130.59,130.61,130.62,131.51,132.72,134.01,134.9,135.27,135.1,134.73,134.18,134.01,133.45,133.3,133.22,134.27,135.03,136.11,136.47,136.44,135.55,133.86,131.34,129.61,127.76,125.98,124.46,123.62,124.29,124.61,124.74,124.32,122.71,119.79,116.46,113,109.44,106.65,105.07,105.42,105.98,107.62,110.09,111.27,111.26,110.12,109.29,108.62,107.04,105.65,103.73,105.69,107.86,109.72,110.02,108.95,106.39,103.3,100.8,100.06,100.33,100.68,100.33,101.81,102.8,104.32,104.55,102.04,95.99,91.21,88.92,87.3,85.44,83.27,82.54,84.48,87.87,91.75,94.15,95.8,96.06,95.6,95.68,95.95,96.98,97.01,98.25,102.01,105.51,109.15,111.54,113.47,113.99,113.72,113.37,113.35,113.23,112.6,113.73,115.91,117.27,118.5
53.55,54.64,54.8,54.88,55.43,56.39,57.54,58.37,58.85,59.32,59.34,60.3,61.2,62.78,64.45,65.22,65.53,66.85,67.07,68.66,68.71,69.37,68.27,67.7,67.46,68.32,69.93,70.68,70.48,70.91,70.89,71.31,70.88,70.36,69.57,68.91,68.5,68.06,68.68,69.43,69.97,70.62,71.23,71.48,71.61,70.99,70.73,70.08,70.04,70.5,70.63,71.09,71.36,71.66,72.16,72.62,72.59,72.43,72.23,72.45,72.71,73.19,73.51,72.97,73.36,74.45,75.48,75.75,75.82,75.79,75.82,75.43,75.38,75.53,75.8,75.97,76.58,77.59,78.1,78.35,78.35,78.37,78.42,78.81,79.62,79.67,79.64,79.79,80.4,80.91,81.19,81.61,81.68,81.89,81.76,81.66,81.38,81.61,81.8,81.9,82.13,82.82,83.38,83.79,83.92,83.79,83.97,83.8,83.77,83.31,83.48,84.35,84.88,85.53,85.75,86.03,86.03,86.1,86.21,86.29,86.04,85.84,86.21,86.42,86.74,87.26,87.88,88.34,88.46,88.62,88.99,89.18,89.69,89.75,89.99,90.12,90.88,92.01,92.59,93.02,92.8,92.82,92.14,92.4,92.42,92.68,92.83,94.07,95.37,96.83,97.51,98.11,98.31,98.97,99.38,99.84,100,100.52,101.53,102.78,104.38,106.08,107.01,107.39,107.3,107.29,107.43,107.86,108.35,108.63,109.38,110.63,112.12,113.79,115.2,116.19,116.69,116.82,116.77,116.88,116.96,117.29,117.66,118.97,120.38,121.56,122.77,123.49,124.07,124.66,125.38,126.27,126.77,127.48,128.26,129.05,130.52,131.43,132.5,133.01,133.94,134.87,135.91,137.09,137.65,138.1,138.08,139.26,141.28,142.57,143.96,144.76,146.04,146.89,147.86,148.85,149.69,151.02,151.85,153.28,154.72,156.16,157.38,157.81,159.32,160.47,162.44,163.16,163.98,164.67,164.89,165.58,166.61,167.1,167.57,167.99,168.6,168.59,168.18,167.65,167.52,167.49,167.04,165.87,165.68,165.94,166.13,165.77,164.42,163.12,161.61,160.03,156.42,153.29,150.33,150.43,149.94,150.11,149.55,149.46,147.83,145.48,141.39,137.16,130.85,126.38,122.5,122.37,123.73,124.99,128.32,130.55,132.13,130.75,129.36,127.26,125.11,122.57,119.71,120.43,121.9,124.9,126.17,126.7,124.76,122.28,119.57,117.86,115.78,113.26,110.57,110.12,112.01,115.61,117.78,119.4,118.47,116.39,112.44,110.16,107.99,105.26,102.75,103.98,108.62,113.56,116.61,117.45,116.69,114.88,113.36,112.61,111.65,110.7,110.73,113.83,117.92,121.74,125.69,127.7,128.03,127.42,125.87,125.29,123.73,122.61,123.71,126.12,127.99,129.83
70.04,70.08,70,70.7,71.51,72.32,73.09,73.79,74.39,74.63,74.83,74.74,74.4,74.02,73.4,73.78,74.46,75.07,75.53,75.47,75.38,75.25,75.01,74.79,74.23,74.59,74.48,74.63,74.73,74.63,74.68,74.07,73.71,73.38,73.31,73.02,72.76,72.28,71.19,70.91,70.42,70.14,69.84,69.56,69.3,68.72,67.36,66.13,64.97,64.17,63.57,63.35,63.84,64.25,64.49,64.79,64.83,64.71,64.05,63.69,63.18,62.94,62.97,63.69,64.09,64.38,64.46,64.75,64.63,64.62,64.17,64.29,64.44,64.26,64,63.98,64.56,65.43,66.11,66.62,66.62,66.46,66.33,66.27,66.36,66.31,66.65,67.26,67.63,68.46,68.84,69.27,69.25,69.21,68.88,68.48,68.3,68.19,68.31,68.23,68.79,69.75,70.44,71.04,70.94,70.69,70.19,69.93,70.15,70.08,70.57,70.88,71.52,72.47,73.24,73.98,73.86,73.9,73.58,73.84,74.02,73.93,74.48,74.92,75.86,76.9,77.61,78.14,78.33,78.64,78.77,78.94,79.24,79.48,80.2,81.07,82.55,84.12,85.42,86.4,87.19,87.32,87.14,87.45,88.48,89.26,90.14,91.17,92.79,94.29,96.08,97.27,98.33,99.13,99.67,100.01,100,100.36,101.31,103.27,105.85,108.48,110,111.38,112.67,114.11,115.36,116.56,117.67,118.51,119.94,121.54,123.11,125.12,126.76,128.26,129.62,130.51,130.94,130.06,129.93,129.63,131.21,133.34,136.76,139.56,141.77,143.66,145.85,147.43,148.33,147.28,146.79,147.18,148.99,150.42,152.15,153.3,154.21,154.97,156.38,157.63,158.63,158.58,158.54,159.19,161.1,164.29,166.59,168.57,169.69,170.9,172.18,173.97,174.04,173.42,173.43,174.76,176.92,179.04,181.17,181.33,181.9,181.67,182.45,182.07,181.69,179.44,178.17,176.28,177.12,177.62,178.61,177.9,177.79,177.28,176.34,175.72,172.59,170.31,168.29,168.04,168.52,169.61,170.96,171.29,171.77,170.84,170.73,169.33,167.39,164.58,162.59,160.31,158.52,158.68,160.34,162.29,162.56,162.73,160.98,159.17,155.03,153.05,150.73,148.77,145.83,146.45,148.77,152.71,154.53,155.94,155.62,154.71,153.98,153.78,153.01,151.42,151.39,153.56,155.95,157.83,158.83,158.35,156.27,154.34,152.76,152.52,152.18,149.83,147.33,147.06,150.89,154.46,155.75,155.58,154.39,152.7,150.33,148.53,147.87,146.26,145.95,147.16,150.63,154.4,157.18,158.26,157.25,155.11,153.71,153.81,153.8,153.9,155.71,159.13,161.94,164.75,167.02,168.26,169.02,168.42,168.78,168.65,167.82,166.98,168.4,173.36,175.32,176.28
NA,NA,NA,NA,NA,NA,NA,NA,NA,NA,NA,NA,NA,NA,NA,NA,NA,NA,NA,NA,NA,NA,NA,NA,NA,NA,NA,NA,NA,NA,NA,NA,NA,NA,NA,NA,NA,NA,NA,NA,NA,NA,NA,NA,NA,NA,NA,NA,58.24,57.76,57.63,57.85,58.36,58.9,59.29,59.65,59.7,59.84,59.71,59.78,59.56,59.47,59.56,60.16,60.61,60.92,61.15,61.51,61.68,61.55,61.36,61.44,61.36,61.32,61.2,61.58,62.06,62.74,63.21,63.67,63.83,64.09,64.29,64.39,64.3,64.31,64.6,64.9,65.42,66.01,66.62,67.15,67.48,67.65,67.66,67.94,68.72,70.47,70.25,69.82,70.05,70.6,71.15,71.76,72.4,72.75,73.11,73.2,73.33,73.82,74.2,74.99,75.72,76.53,77.29,77.97,78.51,78.98,79.24,79.19,79.1,78.91,79.7,80.49,81.45,82.21,82.8,83.2,84,84.41,84.84,84.81,84.98,85.41,85.67,86.38,87.25,88.02,88.79,89.39,90.01,90.42,91.02,91.61,92.26,92.69,92.82,92.95,93.82,94.83,96.22,97.02,98.03,98.48,99.1,99.64,100,100.44,100.65,101,102.09,103.19,104.4,104.7,105.32,105.58,106.58,106.9,107.18,106.98,107.28,107.6,108.3,109.07,110.08,110.91,111.53,111.66,111.47,111.52,111.31,111.53,111.53,111.56,112.23,113.32,114.44,115.04,115.48,115.5,116.12,115.92,115.52,114.68,115.3,116.34,117.44,117.77,118.19,118.36,118.88,119.52,119.81,119.82,119.57,119.3,119.91,120.49,121.32,121.63,122.01,122.26,122.76,123.03,123.25,123.21,123.06,123.19,123.46,124.33,125.32,125.47,125.77,125.65,126.03,126.28,126.68,127.05,126.66,126.39,126.12,124.3,123.78,123.12,123.24,123,122.54,121.79,120.94,119.51,117.96,116.85,116.44,114.38,112.16,110.72,111.86,111.59,110.83,108.15,105.24,103.3,100.17,97.61,95.57,93.76,92.76,92.68,93.21,92.44,90.17,86.1,83.42,80.89,77.47,74.51,70.94,69.92,70.05,69.49,70.24,71.59,72.81,72.88,72.41,72.56,71.84,70.55,67.68,67.81,68.34,70.04,71.17,71.5,70.59,69.24,68.1,68.07,67.63,67.58,65.18,64.47,65.7,69.47,72.63,73.6,74.16,72.8,71.8,70.46,70.28,69.95,68.13,67.87,71.2,75.08,77.65,79.48,80.11,80.82,80.75,81.14,81.26,80.89,81.23,82.66,85.86,88.38,90.73,92.56,93.89,94.77,94.72,94.6,93.92,93.42,93.76,94.86,96.13,97.44
NA,NA,NA,NA,NA,NA,NA,NA,NA,NA,NA,NA,NA,NA,NA,NA,NA,NA,NA,NA,NA,NA,NA,NA,63.13,62.81,62.43,63.03,63.31,63.89,63.85,64.07,64,64.21,64.42,64.35,63.84,63.66,63.98,64.44,64.73,64.72,64.63,64.34,64.26,64.51,64.4,64.5,64.21,64.2,64.19,64.3,64.75,64.95,65.65,65.94,66.14,65.73,65.68,65.81,65.65,66.19,66.6,67,67.08,67.3,67.5,67.66,67.59,67.79,67.93,67.98,67.7,67.68,68.4,68.96,69.37,69.36,69.79,70.14,70.71,70.91,71.23,71.13,71.48,72.02,73.1,73.18,73.12,72.93,72.89,73.08,73.12,73.17,73.22,72.85,72.96,73.61,74.59,75.07,75.31,75.56,76.05,76.42,76.57,75.92,76.01,76.13,76.22,76.35,76.5,76.54,76.68,77.28,78.14,78.57,78.89,79.17,79.51,79.66,79.73,79.59,79.41,79.3,80.02,80.65,82.33,82.73,82.26,82.55,82.52,82.76,82.68,83.06,83.03,83.75,84.35,85.26,86.14,86.88,87.36,88.01,88.79,89.32,89.73,89.99,90.42,91.53,92.36,93.63,94.79,96.22,97.7,98.83,99.54,100.02,100,100.22,100.58,102.01,103.74,105.49,106.74,108.01,109.32,110.57,111.99,112.23,113.13,113.57,115.15,116.05,117.53,119.55,121.67,122.86,124.22,125.22,126.27,126.55,126.18,125.92,126.72,127.53,129.39,131.06,132.75,134.11,135.11,136.52,137.26,138.53,138.59,138.88,138.95,139.73,141.29,142.44,144.3,145.77,147.4,148.46,149.35,149.43,149.7,149.95,150.77,152.2,153.71,155.98,157.15,158.61,159.36,160.1,160.5,160.49,161.01,161.03,161.11,162.08,163.47,165.04,166.09,167.15,168.42,169.43,170.34,170.33,169.56,169.32,168.71,169.69,170.38,170.9,170.74,170.97,171.12,170.64,169.85,168.82,167.95,166.83,165.56,164.78,164.4,164.29,164.97,164.67,164.2,162.12,159.09,155.72,151.06,145.98,142.29,139.4,140.23,141.53,143.45,142.17,140.74,135.97,132.91,126.28,120.42,116.43,109.58,108.62,109.87,113.76,119.36,122.98,125.24,124.8,124.31,123.64,122.56,119.85,117.24,119.35,122.7,125.92,126.79,126.37,123.75,121.5,119.18,117.39,113.46,109.74,105.77,105.9,108.51,112.44,115.75,116.02,115.84,114.44,113.78,112.36,111.47,110.59,109.5,110.45,113.53,118.85,123.23,124.6,125.72,124.94,125.87,125.96,125.49,124.54,123.2,126.81,129.53,132.45,134.83,137.17,138.32,139.11,139.07,138.14,137.23,135.96,137.13,138.53,140.39,141.27
63.39,63.94,64.17,64.81,65.18,65.55,65.76,66.08,66.47,66.77,67.09,67.19,67.61,67.44,67.95,67.79,67.92,68.14,68.64,69.67,69.93,70.1,69.56,69.7,69.76,70.23,70.52,70.67,71.13,71.52,71.79,71.92,71.9,72.05,72.16,72.48,72.69,72.92,72.99,73.18,73.5,74.1,74.12,74.33,74.09,74.12,73.36,73.46,73.32,73.26,72.75,72.88,73.26,73.49,73.61,73.59,73.38,73.58,73.52,73.8,73.58,73.56,73.29,73.25,73.45,73.6,74.14,74.41,74.6,74.38,74.18,74.42,74.57,74.68,74.58,74.48,74.66,75.13,75.56,75.73,75.64,75.82,76.14,76.74,77.01,77.09,77.27,77.5,77.85,78.28,78.91,79.52,79.84,79.87,79.7,80.03,80.47,80.94,81.1,81.5,81.89,82.53,83.22,83.83,84.34,84.57,84.69,84.97,85.24,85.68,87.15,87.97,88.78,88.62,88.56,88.68,88.49,88.53,88.69,88.87,89.28,89.39,90.3,90.42,90.85,91.01,91.55,91.83,92.18,92.41,92.32,92.15,92.13,92.37,92.86,93.22,93.99,94.45,94.78,95.04,95.17,95.42,95.39,95.48,95.73,96.05,97.19,98.12,98.9,99.32,99.55,99.7,99.82,99.47,99.3,99.61,100,100.43,100.92,102.27,102.68,103.27,102.85,103.02,102.88,102.88,102.95,102.41,102.86,103.15,103.7,103.81,104.58,104.94,105.49,105.18,105.16,104.59,104.33,104.05,104.12,104.48,105.17,105.98,106.38,106.86,106.9,107.37,107.57,107.45,107.23,107.18,107.68,107.85,107.8,107.69,107.86,108.75,109.03,109.46,109.24,110.18,110.53,110.65,109.75,109.63,110.42,111.66,112.58,113.46,113.82,113.54,113.4,113.34,113.75,114.15,114.26,114.32,114.31,114.91,116.09,117.97,119.02,119.83,119.6,120.29,120.26,120.82,119.96,120.51,121.41,123.38,124.7,126.48,127.96,128.72,129.04,128.51,128.94,128.88,129.43,129.31,130.44,131.98,133.42,135.05,135.6,135.88,135.13,133.98,132.68,131.9,131.7,131.22,131.52,131.81,133.16,133.45,133.2,132.1,130.4,128.02,125.61,122.37,121,119.04,119.39,118.69,119.8,120.54,121.23,120.72,119.84,119.05,118.66,117.79,117.16,115.98,114.77,116.05,116.39,117.24,117.03,116.57,115.4,114.12,113.45,112.41,111.32,110.11,108.92,110.35,111.85,113.56,113.56,113.41,112.85,111.68,110.16,109.06,108.39,108.55,110.09,111.65,112.9,114.49,115.49,116.59,115.87,115.4,114.85,115.05,115.53,115.82,118.34,120.3,121.79,123.29,123.85,125.07,124.79,125.17,124.17,124.07,123.89,123.55,124.2,125.59,127.39,127.95
66.36,67.03,67.34,67.88,67.9,66.48,65.43,65.14,65.85,66.21,67.05,66.66,66.64,65.89,66.26,67.11,67.51,67.18,67.36,68.11,69.06,69.19,68.64,67.98,68.73,69.11,69.97,69.61,69.64,71.19,71.56,72.65,73.41,74.27,74.74,74.99,75.46,75.14,76.08,76.77,77.59,78.34,79.53,80.95,81.64,82.41,81.85,81.78,80.96,81.58,81.65,81.67,82.02,81.91,83.35,84.07,85.46,83.81,81.98,82.87,82.85,83.09,82.66,82.47,82.89,82.84,82.85,82.8,82.98,83.65,83.67,82.91,82.34,82.67,82.78,82.34,81.72,81.73,82.13,82.73,83.3,83.7,84.03,83.78,83.72,83.48,83.69,84.04,85.26,85.84,86.45,86.37,86.54,86.69,86.77,87.17,87.04,87.34,87.39,87.99,88.04,88.03,88.1,88.6,88.96,89.21,89.15,89.04,88.91,89.25,89.13,89.59,89.77,90.26,90.43,90.37,90.1,89.88,89.58,90.01,90.49,91.39,91.62,91.46,91.48,91.8,92.32,92.74,92.88,93.1,93.01,93.04,92.94,93.3,94.48,94.58,94.5,94.32,94.58,94.69,95.14,95.14,95.46,95.46,95.92,96.38,96.33,96.59,97.27,98.07,98.58,98.53,99.03,99.34,99.78,99.69,100,100.33,100.9,101.2,101.93,102.44,103.14,103.73,104.51,105.16,105.34,105.36,105.23,105.39,106.21,107.4,108.56,109.76,110.93,111.74,112.54,112.73,113.3,113.32,113.7,113.96,114.32,114.72,115.63,116.7,117.61,118.34,118.91,119.98,120.93,121.73,121.94,122.46,122.94,124.46,125.68,127.38,129.3,131.85,134.16,136.77,139.16,142.69,145.95,149.93,157.87,166.32,174.98,185.55,195.03,201.71,205.49,207.07,207.48,207.62,207.35,209.31,210.98,214.52,217.28,219.87,221.93,224.51,226.59,227.81,228.77,229.42,230.48,231.94,232.38,233.78,234.39,233.75,234.29,234.78,234.71,233.8,232.56,231.57,230.52,229.64,228.55,226.65,224.79,221.86,219.91,216.83,213.47,208.68,201.95,196.05,186.05,177.18,169.31,165.71,161.1,158.8,154.64,150.93,146.86,142.74,138.04,131.4,125.68,121.11,116.53,112.4,109.5,107.31,106.08,105.78,104.82,104.71,104.22,104.38,103.82,103.4,102.58,102.82,102.35,101.77,100.91,101.03,101.18,100.97,100.59,99.48,99.23,98.28,97.18,96.47,95.6,95.67,95.48,95.18,93.8,92.36,91.41,90.7,90.24,89.88,89.87,90.84,92.55,93.94,94.57,96.03,97.38,100.14,100.56,102.41,104.04,105.46,108.36,111.05,114.09,117.28,120.58,124.09,125.74,127.23,128,128.53,129.93,129.85,131.25,131.88,133.3,135.12
74.42,75.43,76.25,77.34,79.16,80.84,82.22,83.01,83.44,83.88,84.02,84.41,84.12,83.92,83.48,83.71,84.23,84.59,85.02,85.33,85.54,85.14,84.82,84.33,84.32,83.77,83.27,82.94,82.97,82.95,82.67,82.63,82.38,82.36,81.85,81.32,80.89,80.53,79.99,79.34,79.05,78.96,78.78,78.21,77.41,76.8,76.14,75.6,74.59,73.69,72.87,72.29,72.63,73.5,74.39,74.9,75.06,75.01,74.84,74.74,74.59,74.38,74.27,74.4,74.69,75.14,75.47,75.79,75.74,75.48,75.38,75.35,75.54,75.42,75.32,75.34,75.71,76.44,76.84,76.99,76.99,76.92,76.88,76.71,76.61,76.43,76.6,76.88,77.55,78.2,78.78,79.08,79.08,78.87,78.5,78.36,78.28,78.29,77.95,77.77,78.03,78.58,78.99,79.17,79.17,79.11,78.85,78.7,78.63,78.73,78.9,78.94,79.36,79.52,79.97,80.31,80.45,80.35,80.02,80.03,80.08,80.08,79.97,80.03,80.53,81.53,82.32,82.72,82.8,82.84,82.94,83.11,83.36,83.85,84.28,84.76,85.52,86.58,87.7,88.48,89.04,89.31,89.41,89.43,89.49,89.89,90.56,91.59,92.49,94.07,95.47,96.88,97.67,98.24,98.59,99.28,100,100.54,101.27,102.41,104.35,106,107.52,108.9,109.76,110.51,110.89,111.87,112.66,113.51,114.48,115.6,116.38,117.9,119.66,121.41,122.91,123.86,124.74,124.72,125.19,125.4,126.5,127.93,129.89,132.2,135.18,137.74,139.69,141.58,143.29,145.2,146.55,147.3,148.38,149.53,150.88,151.86,153.5,155.14,157.1,158.73,160.59,162.31,163.63,164.92,166.61,168.3,170.52,172.9,175.74,177.93,179.79,181.9,183.69,185.16,187.19,189.29,192.17,194.1,195.96,197.77,199.86,202.33,204.83,207.64,210.3,212.68,213.5,214.47,214.33,214.97,215.57,215.83,215.25,214.34,214.09,214.29,214.24,213.79,212.78,212.52,212.4,211.62,210.51,209.49,208.37,207.18,206.39,205.54,204.38,202.09,200.44,198.31,196.52,194.72,194.23,194.74,193.7,193.48,191.66,189.66,186.52,183.45,180.93,177.84,173.6,170.69,171.17,172.34,173.91,175.13,174.81,174.42,172.65,171.85,171.39,170.56,169.26,168.89,170.47,172.85,175.02,175.18,174.43,171.5,169.53,167.92,165.92,164.45,162.34,163.92,165.09,166.82,169.54,170.2,169.96,167.33,164.86,162.41,160.63,158.87,157.4,157.95,160.18,163.27,165.17,166.41,166.3,165.16,162.88,161.96,161.23,161.46,160.25,161.97,164.64,167.96,170.47,172.29,173.23,173.29,172.72,171.96,171.97,171.29,170.64,170.86,172.53,175.26
53.53,53.5,53.68,53.75,54.71,55.12,55.74,56.1,56.51,56.61,56.6,56.38,56.44,56.45,57.16,57.66,58.25,59.23,59.7,60.32,60.6,60.84,60.88,61.06,61.41,61.25,61.37,61.57,62.63,63.13,63.78,64.59,65.04,65.23,64.74,64.94,64.78,65.13,65.44,66.51,67.07,67.94,68.46,68.95,69.11,68.97,68.86,68.52,68.24,67.96,68.18,69.1,69.92,70.55,71.09,71.31,71.65,71.52,71.42,71,71.16,71.22,71.74,72.16,72.7,73.16,73.4,73.77,74.07,74.21,74.3,74.15,74.29,73.96,74.08,74.63,75.47,76.07,76.53,76.67,77.12,77.38,77.87,78.05,78.3,78.17,78.29,78.79,79.64,80.15,80.46,80.68,80.8,81.03,81.32,81.13,81.12,80.75,81.03,81.89,82.63,83.7,83.71,84.18,84.32,84.66,84.61,84.39,84.14,84.19,84.82,85.96,86.55,87.1,87.6,87.78,87.9,87.92,87.85,87.69,87.21,87.62,88.15,88.6,89.18,89.33,90.06,89.92,90.37,89.99,90.49,90.37,90.78,90.76,91.1,91.88,92.61,93.63,93.94,94.1,94.17,94.34,94.54,94.59,94.95,94.93,95.67,96.63,97.37,97.86,98.06,98.54,98.76,99.22,99.54,99.73,100,99.63,100.35,101.42,102.3,102.65,102.6,102.92,103.05,103.59,103.45,103.92,103.94,103.93,104.07,104.37,105.37,106.31,107.2,107.82,107.92,107.48,106.63,106.1,106.21,106.45,106.94,107.82,108.69,109.79,110.25,110.44,110.2,110.16,109.65,109.98,110.15,110.58,110.82,111.88,113.04,114.03,114.71,115.55,116.08,116.46,116.12,116.14,115.62,115.47,115.59,117.05,117.9,118.63,119.02,119.46,119.75,119.55,119.41,119.58,120.1,120.11,119.72,120.65,121.87,122.43,122.78,123.16,123.17,123.13,122.72,122.71,122.12,121.04,120.58,120.85,121.8,122.93,123.49,123.39,122.27,121.43,120.3,119.59,118.61,117.62,117.6,117.57,118.37,118.35,118.68,118.36,117.35,115.91,113.27,112.04,108.49,106.82,106.42,109.55,108.88,109.68,109.37,110.54,109.87,108.76,107.43,105.21,102.89,97.76,96.86,98.07,102.11,106.38,107.93,107.42,105.75,104.97,104.75,103.86,103.29,101.53,103.32,104.77,105.85,107.26,107.31,107,103.78,102.13,100.03,100.21,99.13,98.52,97.02,98.1,99.1,100.65,101.64,101.96,100.67,99.68,98.93,97.75,95.52,94.22,94.66,97.04,99.68,101.9,102.33,103.13,102.09,101.61,100.88,100.71,100,99.44,100.03,102.11,103.68,105.76,106.33,106.65,106.76,105.8,105.74,104.2,104.02,102.38,103.91,104.97,106.19,106.64
41.05,41.28,41.06,40.96,41.24,41.45,41.82,41.9,41.8,41.86,41.67,41.88,41.61,41.48,41.85,42.1,42.58,42.75,43.09,43.54,43.72,44.02,44.05,44.24,44.26,44.57,44.56,45,45.44,46.1,46.5,46.97,47.26,47.67,47.88,48.67,49.42,50.27,50.25,51.09,51.89,53.54,54.72,56.02,57.02,57.39,57.27,56.72,56.53,56.94,58.03,58.39,58.9,59.54,59.89,60.17,60.2,60.64,60.59,61.08,61.4,61.54,61.57,61.8,62.24,62.73,62.92,63.49,63.84,64.23,64.87,64.78,64.93,64.95,65.3,66.29,67.03,68.05,68.52,68.63,68.98,69.45,70.3,70.52,70.79,71.1,71.69,72.55,73.45,74.19,74.91,75.44,75.87,75.99,76.21,76.19,76.79,77.06,77.9,78.06,78.52,79.5,80.25,81.22,81.45,81.92,82.03,82.54,82.8,83.5,84.02,85.18,85.98,86.63,87.02,87.27,88.13,89.15,90.16,90.59,90.79,91.68,92.63,93.53,93.92,93.45,93.52,93.2,93.37,93.11,93.5,93.77,93.6,93.57,94.07,94.95,95.61,96.14,96.44,96.81,97.03,97.29,97.41,97.88,98.19,98.59,98.2,98.74,99.38,100.08,100.35,100.65,100.71,100.91,100.34,100.29,100,100.52,100.91,101.99,102.29,102.7,102.98,103.3,103.31,103.33,103.21,103.84,103.92,104.01,104.32,105.14,106.11,107.13,108.03,108.83,109,108.93,108.4,108.12,108.13,108.53,110.18,110.65,111.61,111.87,113.06,112.94,113.03,112.86,113.09,113.51,113.69,114.18,114.84,115.86,116.94,118.28,119.21,119.95,120.49,121.03,121.66,122.1,122.06,122.41,122.75,124.97,126.56,128.19,129.53,130.89,132.47,133.67,134.55,134.96,135.46,136.35,138.3,141.14,144.36,148.37,151.82,155.04,158.22,160.44,162.49,164,165.33,167.03,169.87,172.59,175.2,177.72,179.66,181.02,181.71,181.62,181.34,180.27,179.79,179.9,181.72,183.55,185.21,185.76,186.51,186,185.67,185.1,183.65,182.47,178.81,176.24,174.39,174.87,175.53,175.03,174.21,171.93,169.67,166.44,162.62,158.5,153.8,150.88,147.68,146.85,146.97,148.47,150.06,150.46,149.72,149.88,150.38,149.95,147.29,143.69,143.61,146.25,147.98,148.73,148.33,147.02,144.3,142.16,139.92,138.23,135.8,133.66,132.67,132.84,134.5,134.52,135.8,135.91,136.1,135.44,133.26,132.76,129.96,129.6,129.01,131.62,135.09,138.51,140.12,140.8,141.1,142.44,142.13,141.29,140.74,141.76,145.52,148.62,151.91,154.8,157.26,159.13,160.18,160.46,159.92,159.84,159.31,160.61,162.61,165.2,167.09,168.97
NA,NA,NA,NA,NA,NA,NA,NA,NA,NA,NA,NA,NA,NA,NA,NA,NA,NA,NA,NA,NA,NA,NA,NA,NA,NA,NA,NA,NA,NA,NA,NA,NA,NA,NA,NA,NA,NA,NA,NA,NA,NA,NA,NA,NA,NA,NA,NA,NA,NA,NA,NA,NA,NA,NA,NA,NA,NA,NA,NA,NA,NA,NA,NA,NA,NA,NA,NA,NA,NA,NA,NA,NA,NA,NA,NA,NA,NA,NA,NA,NA,NA,NA,NA,NA,NA,NA,NA,NA,NA,NA,NA,NA,NA,NA,NA,NA,NA,NA,NA,NA,NA,NA,NA,NA,NA,NA,NA,NA,NA,NA,NA,NA,NA,NA,NA,NA,NA,NA,NA,NA,NA,NA,NA,NA,NA,NA,NA,NA,NA,NA,NA,NA,NA,NA,NA,NA,NA,NA,NA,NA,NA,NA,NA,NA,NA,NA,NA,NA,NA,NA,NA,NA,NA,NA,NA,100,101.82,102.04,103.2,104.11,104.28,104.66,105.04,105.73,105.69,106.19,106.2,106.49,107.09,108.33,109.77,110.45,111.2,111.12,111.39,111.22,111.43,111.37,111.62,111.76,111.4,112.37,113.14,113.81,113.96,113.98,114.42,114.5,114.15,113.8,113.82,113.89,113.38,112.93,113.22,113.91,114.96,115.29,115.39,115.26,114.89,114.59,114.05,114,113.8,113.25,114.2,115.37,116.4,116.93,117.18,116.98,116.76,116.45,116.58,116.39,116.46,117.37,118.37,119.47,120.03,120.83,121.15,121.62,121.66,122.11,122.2,121.91,121.33,121.52,122.4,123.29,124.5,125.37,125.7,125.19,124.58,123.85,123.67,122.64,122.73,123.16,124.71,125.49,126.47,126.3,126.31,125.42,124.45,122.39,120.78,118.49,117.76,119.01,120.44,121.6,122.49,123.21,123.04,122.06,120.59,118.25,115.44,112.6,112.26,112.36,114.3,116.5,119.73,121.26,121.5,120.63,119.91,119.96,118.83,117.29,115.27,115.82,118.18,119.92,121.04,120.75,119.36,117.44,116.11,114.88,114.67,114.04,113.78,112.76,113.28,114.28,115.9,116.92,117.11,116.44,115.42,114,113.18,112.63,112.72,114.48,116.42,118.6,120.14,121.21,121.37,121.56,120.75,120.59,120.51,120.53,120.72,122.29,125.04,127.6,129.79,131.48,132.3,132.58,132.46,132.59,132.83,132.67,132.99,134.54,136.73,138.54,140.12
NA,NA,NA,NA,NA,NA,NA,NA,NA,NA,NA,NA,NA,NA,NA,NA,NA,NA,NA,NA,NA,NA,NA,NA,NA,NA,NA,NA,NA,NA,NA,NA,NA,NA,NA,NA,58.23,59.98,62.29,65.09,66.82,68.06,68.3,68.61,68.13,67.59,66.88,66.38,65.53,64.6,64.47,65.09,66.03,66.68,66.93,67.04,66.99,66.48,66.13,65.7,65.61,65.54,66.18,66.87,67.57,67.9,67.98,67.75,67.44,67.74,67.57,67.47,67.49,67.76,68.19,67.94,68.14,68.13,68.18,68.59,69.21,69.47,69.65,69.52,69.82,69.58,69.84,70.33,71.51,71.97,72.12,71.93,71.93,72.01,71.99,71.73,71.72,71.2,71.44,71.28,71.88,72.01,72.62,72.88,73.02,73.1,72.92,72.83,72.35,72.45,73.21,73.71,74.25,74.63,74.68,75.01,74.68,74.95,74.67,74.7,74.84,75.43,76.33,77.71,79.18,80.35,81.44,81.72,82.1,82.32,82.68,83.15,83.49,84.61,85.7,86.92,88.06,89.16,90.01,90.41,90.92,91.38,91.72,91.55,91.66,91.98,93.23,94.66,95.97,97.16,97.64,98.11,98.66,99.45,99.96,99.94,100,100.48,102.24,103.46,104.78,105.28,105.82,105.88,106.1,106.08,106.33,106.73,106.7,106.72,107.41,108.97,109.76,110.56,110.84,111.23,111.72,111.94,111.97,111.58,111.79,112.07,112.74,113.4,114.18,114.84,115.28,115.49,115.62,115.88,115.87,116.18,115.8,116.27,117.04,118.23,119.23,120.15,120.84,121.88,122.42,123.43,123.53,124.38,124.42,125.22,126.33,128.23,130.15,131.94,133.27,134.21,135.22,136.08,137.38,138.61,140.18,141.31,143.7,146.21,148.97,151.79,154.11,156.61,158.99,161.06,162.73,164.2,165.49,167.09,169.46,172.28,174.84,177.81,179.96,181.84,183.08,183.79,183.88,183.97,183.92,184.85,186.44,188.89,190.68,191.92,192.3,192.14,191.66,189.86,187.14,184.88,181.62,179.85,178.29,179.57,178.67,178.28,176.51,175.24,172.82,170.45,166.23,160.19,154.38,152.13,149.05,149.38,148.96,149.53,149.44,149.54,148.94,149.26,148.56,147.54,145.09,143.56,143.72,145.14,146.82,146.83,147.04,145.93,145.07,143.13,141.57,138.7,135.41,132.85,132.97,135.14,136.56,137.46,137.57,137.09,135.59,134.22,132.65,130.99,130.03,128.99,131.23,133.84,137.37,139.89,141.78,141.69,142.09,141.82,142.53,141.75,141.3,140.97,145.2,149.05,153.74,156.46,159.5,160.36,160.87,160.39,160.17,159.32,158.09,159.05,162.04,165.74,168.1,169.96
